chi2,p,chi2_nested,p_nested
4504.306746050329,0.0,11431.921131148256,0.0
